{
  "loss_space": "normalized",
  "normalized_loss": {
    "dc": 1.3873999183340597,
    "demand": 0.676900742649767,
    "supply": 0.7104991714002088
  },
  "val_normalized_loss": {
    "dc": 0.41545634789920016,
    "demand": 0.19473549907667367,
    "supply": 0.22072084959180086
  },
  "raw_metrics": {
    "demand": {
      "mse": 2357.741255233827,
      "rmse": 48.556577878118915,
      "mae": 13.345404370323122
    },
    "supply": {
      "mse": 4537.511520835301,
      "rmse": 67.36105344214342,
      "mae": 21.26620759823665
    }
  },
  "raw_metrics_per_step": {
    "demand": {
      "step_1": {
        "step": 1,
        "minutes": 15,
        "mse": 1452.084908119982,
        "rmse": 38.10623188036285,
        "mae": 8.915346021595592
      },
      "step_2": {
        "step": 2,
        "minutes": 30,
        "mse": 2082.6141913738234,
        "rmse": 45.63566797334978,
        "mae": 12.14193823627293
      },
      "step_3": {
        "step": 3,
        "minutes": 45,
        "mse": 2685.1287024276908,
        "rmse": 51.81822751144322,
        "mae": 14.982952329091606
      },
      "step_4": {
        "step": 4,
        "minutes": 60,
        "mse": 3211.137219013814,
        "rmse": 56.6668970300458,
        "mae": 17.34138089433237
      }
    },
    "supply": {
      "step_1": {
        "step": 1,
        "minutes": 15,
        "mse": 2309.7522749022937,
        "rmse": 48.059882177365914,
        "mae": 13.384644838041453
      },
      "step_2": {
        "step": 2,
        "minutes": 30,
        "mse": 3925.825629331912,
        "rmse": 62.65640932364312,
        "mae": 19.321326842002957
      },
      "step_3": {
        "step": 3,
        "minutes": 45,
        "mse": 5460.910655517174,
        "rmse": 73.8979746374498,
        "mae": 24.478418016824325
      },
      "step_4": {
        "step": 4,
        "minutes": 60,
        "mse": 6453.557523589823,
        "rmse": 80.33403714235843,
        "mae": 27.880440696077834
      }
    }
  },
  "raw_metrics_report": {
    "demand": {
      "15min": {
        "step": 1,
        "minutes": 15,
        "mse": 1452.084908119982,
        "rmse": 38.10623188036285,
        "mae": 8.915346021595592
      },
      "30min": {
        "step": 2,
        "minutes": 30,
        "mse": 2082.6141913738234,
        "rmse": 45.63566797334978,
        "mae": 12.14193823627293
      },
      "60min": {
        "step": 4,
        "minutes": 60,
        "mse": 3211.137219013814,
        "rmse": 56.6668970300458,
        "mae": 17.34138089433237
      }
    },
    "supply": {
      "15min": {
        "step": 1,
        "minutes": 15,
        "mse": 2309.7522749022937,
        "rmse": 48.059882177365914,
        "mae": 13.384644838041453
      },
      "30min": {
        "step": 2,
        "minutes": 30,
        "mse": 3925.825629331912,
        "rmse": 62.65640932364312,
        "mae": 19.321326842002957
      },
      "60min": {
        "step": 4,
        "minutes": 60,
        "mse": 6453.557523589823,
        "rmse": 80.33403714235843,
        "mae": 27.880440696077834
      }
    }
  },
  "report_horizons": {
    "slot_minutes": 15,
    "pred_horizon": 4,
    "requested_minutes": [
      15,
      30,
      60
    ],
    "resolved_minutes": [
      15,
      30,
      60
    ],
    "resolved_steps": [
      1,
      2,
      4
    ],
    "missing_minutes": []
  },
  "val_raw_metrics": {
    "demand": {
      "mse": 600.862643907313,
      "rmse": 24.512499748236877,
      "mae": 5.229879992646672
    },
    "supply": {
      "mse": 1502.4564534131548,
      "rmse": 38.76153316644164,
      "mae": 9.415870915356836
    }
  },
  "val_raw_metrics_per_step": {
    "demand": {
      "step_1": {
        "step": 1,
        "minutes": 15,
        "mse": 376.93829136625635,
        "rmse": 19.414898695750548,
        "mae": 3.918309334236224
      },
      "step_2": {
        "step": 2,
        "minutes": 30,
        "mse": 528.5158511460847,
        "rmse": 22.989472615657906,
        "mae": 4.821187301780196
      },
      "step_3": {
        "step": 3,
        "minutes": 45,
        "mse": 682.0854712956194,
        "rmse": 26.116766095663902,
        "mae": 5.71672995607643
      },
      "step_4": {
        "step": 4,
        "minutes": 60,
        "mse": 815.9109618212915,
        "rmse": 28.564155191800992,
        "mae": 6.4632933784938364
      }
    },
    "supply": {
      "step_1": {
        "step": 1,
        "minutes": 15,
        "mse": 773.2382932882676,
        "rmse": 27.807162625630607,
        "mae": 6.449399139969352
      },
      "step_2": {
        "step": 2,
        "minutes": 30,
        "mse": 1301.5940294000377,
        "rmse": 36.077611193093674,
        "mae": 8.712095134165738
      },
      "step_3": {
        "step": 3,
        "minutes": 45,
        "mse": 1784.3844160012827,
        "rmse": 42.241974575075,
        "mae": 10.487248459311909
      },
      "step_4": {
        "step": 4,
        "minutes": 60,
        "mse": 2150.609074963031,
        "rmse": 46.37465983662879,
        "mae": 12.014740927980345
      }
    }
  },
  "val_raw_metrics_report": {
    "demand": {
      "15min": {
        "step": 1,
        "minutes": 15,
        "mse": 376.93829136625635,
        "rmse": 19.414898695750548,
        "mae": 3.918309334236224
      },
      "30min": {
        "step": 2,
        "minutes": 30,
        "mse": 528.5158511460847,
        "rmse": 22.989472615657906,
        "mae": 4.821187301780196
      },
      "60min": {
        "step": 4,
        "minutes": 60,
        "mse": 815.9109618212915,
        "rmse": 28.564155191800992,
        "mae": 6.4632933784938364
      }
    },
    "supply": {
      "15min": {
        "step": 1,
        "minutes": 15,
        "mse": 773.2382932882676,
        "rmse": 27.807162625630607,
        "mae": 6.449399139969352
      },
      "30min": {
        "step": 2,
        "minutes": 30,
        "mse": 1301.5940294000377,
        "rmse": 36.077611193093674,
        "mae": 8.712095134165738
      },
      "60min": {
        "step": 4,
        "minutes": 60,
        "mse": 2150.609074963031,
        "rmse": 46.37465983662879,
        "mae": 12.014740927980345
      }
    }
  },
  "selected_checkpoint": "stgat_best.pt",
  "selected_checkpoint_task": "raw_dc",
  "selected_checkpoint_metric": 63.274032914678514,
  "train_task": "dc"
}