{
  "loss_space": "normalized",
  "normalized_loss": {
    "v": 0.17060752977874685,
    "speed": 0.17060752977874685
  },
  "val_normalized_loss": {
    "v": 0.18274746598008107,
    "speed": 0.18274746598008107
  },
  "raw_metrics": {
    "speed": {
      "mse": 10.960524520072807,
      "rmse": 3.3106682890426833,
      "mae": 1.5899876264316495,
      "mape": 3.3740422759991855
    }
  },
  "raw_metrics_per_step": {
    "speed": {
      "step_1": {
        "step": 1,
        "minutes": 5,
        "mse": 2.404218361516928,
        "rmse": 1.550554211086129,
        "mae": 0.8987485524204518,
        "mape": 1.7005174545388835
      },
      "step_2": {
        "step": 2,
        "minutes": 10,
        "mse": 4.695879627394583,
        "rmse": 2.1669978374226826,
        "mae": 1.1525422447174536,
        "mape": 2.271374878350868
      },
      "step_3": {
        "step": 3,
        "minutes": 15,
        "mse": 6.908007041883422,
        "rmse": 2.6283087797828135,
        "mae": 1.3309061855747466,
        "mape": 2.7023618613760454
      },
      "step_4": {
        "step": 4,
        "minutes": 20,
        "mse": 8.813490718724067,
        "rmse": 2.9687523842052013,
        "mae": 1.463562550316197,
        "mape": 3.0350205276197455
      },
      "step_5": {
        "step": 5,
        "minutes": 25,
        "mse": 10.362375728945521,
        "rmse": 3.219064418265891,
        "mae": 1.5643304567979857,
        "mape": 3.2919604878722835
      },
      "step_6": {
        "step": 6,
        "minutes": 30,
        "mse": 11.62164187671203,
        "rmse": 3.409052929584994,
        "mae": 1.6465970955603897,
        "mape": 3.5006906495319328
      },
      "step_7": {
        "step": 7,
        "minutes": 35,
        "mse": 12.657133386386308,
        "rmse": 3.557686521657903,
        "mae": 1.7142751880368625,
        "mape": 3.677785273502273
      },
      "step_8": {
        "step": 8,
        "minutes": 40,
        "mse": 13.51870022529193,
        "rmse": 3.676778511862243,
        "mae": 1.7705699879741643,
        "mape": 3.822978303787693
      },
      "step_9": {
        "step": 9,
        "minutes": 45,
        "mse": 14.247730970203543,
        "rmse": 3.7746166653321955,
        "mae": 1.8191830759018157,
        "mape": 3.9530340936650776
      },
      "step_10": {
        "step": 10,
        "minutes": 50,
        "mse": 14.867139491065338,
        "rmse": 3.855792978242652,
        "mae": 1.8672296035308094,
        "mape": 4.074359420074945
      },
      "step_11": {
        "step": 11,
        "minutes": 55,
        "mse": 15.433435774981495,
        "rmse": 3.9285411764396074,
        "mae": 1.9051080517148173,
        "mape": 4.175542417376695
      },
      "step_12": {
        "step": 12,
        "minutes": 60,
        "mse": 15.996541037768589,
        "rmse": 3.99956760635054,
        "mae": 1.9467985246341006,
        "mape": 4.282881944293802
      }
    }
  },
  "raw_metrics_report": {
    "speed": {
      "15min": {
        "step": 3,
        "minutes": 15,
        "mse": 6.908007041883422,
        "rmse": 2.6283087797828135,
        "mae": 1.3309061855747466,
        "mape": 2.7023618613760454
      },
      "30min": {
        "step": 6,
        "minutes": 30,
        "mse": 11.62164187671203,
        "rmse": 3.409052929584994,
        "mae": 1.6465970955603897,
        "mape": 3.5006906495319328
      },
      "60min": {
        "step": 12,
        "minutes": 60,
        "mse": 15.996541037768589,
        "rmse": 3.99956760635054,
        "mae": 1.9467985246341006,
        "mape": 4.282881944293802
      }
    }
  },
  "report_horizons": {
    "slot_minutes": 5,
    "pred_horizon": 12,
    "requested_minutes": [
      15,
      30,
      60
    ],
    "resolved_minutes": [
      15,
      30,
      60
    ],
    "resolved_steps": [
      3,
      6,
      12
    ],
    "missing_minutes": []
  },
  "val_raw_metrics": {
    "speed": {
      "mse": 11.978865566570368,
      "rmse": 3.4610497781121796,
      "mae": 1.7022003420581835,
      "mape": 3.598656879738765
    }
  },
  "val_raw_metrics_per_step": {
    "speed": {
      "step_1": {
        "step": 1,
        "minutes": 5,
        "mse": 2.5456671270067077,
        "rmse": 1.595514690313664,
        "mae": 0.9340870172163299,
        "mape": 1.7742974824611182
      },
      "step_2": {
        "step": 2,
        "minutes": 10,
        "mse": 5.018782479894432,
        "rmse": 2.2402639308560124,
        "mae": 1.2095991654665432,
        "mape": 2.388303759299962
      },
      "step_3": {
        "step": 3,
        "minutes": 15,
        "mse": 7.455583935548829,
        "rmse": 2.7304915190399015,
        "mae": 1.409612431828974,
        "mape": 2.8649514002601864
      },
      "step_4": {
        "step": 4,
        "minutes": 20,
        "mse": 9.574140344250672,
        "rmse": 3.09421077889834,
        "mae": 1.5597185784157797,
        "mape": 3.2348673815390083
      },
      "step_5": {
        "step": 5,
        "minutes": 25,
        "mse": 11.30667649731734,
        "rmse": 3.3625401852345704,
        "mae": 1.674927754792609,
        "mape": 3.5203751367923872
      },
      "step_6": {
        "step": 6,
        "minutes": 30,
        "mse": 12.711351797447723,
        "rmse": 3.5652982760840253,
        "mae": 1.76704762647809,
        "mape": 3.7476693135854373
      },
      "step_7": {
        "step": 7,
        "minutes": 35,
        "mse": 13.873527320601955,
        "rmse": 3.7247184216530993,
        "mae": 1.843608915844384,
        "mape": 3.940349378582366
      },
      "step_8": {
        "step": 8,
        "minutes": 40,
        "mse": 14.829028329691251,
        "rmse": 3.8508477416915943,
        "mae": 1.9065684743377016,
        "mape": 4.095268792001464
      },
      "step_9": {
        "step": 9,
        "minutes": 45,
        "mse": 15.623639316178597,
        "rmse": 3.9526749570611797,
        "mae": 1.9594782891587137,
        "mape": 4.230515527757371
      },
      "step_10": {
        "step": 10,
        "minutes": 50,
        "mse": 16.30044195002127,
        "rmse": 4.037380580279901,
        "mae": 2.010886365482458,
        "mape": 4.354869823643063
      },
      "step_11": {
        "step": 11,
        "minutes": 55,
        "mse": 16.936841641044655,
        "rmse": 4.115439422594464,
        "mae": 2.0529372097440044,
        "mape": 4.461008113972068
      },
      "step_12": {
        "step": 12,
        "minutes": 60,
        "mse": 17.57070605984093,
        "rmse": 4.191742604197081,
        "mae": 2.0979322759326133,
        "mape": 4.571406446970748
      }
    }
  },
  "val_raw_metrics_report": {
    "speed": {
      "15min": {
        "step": 3,
        "minutes": 15,
        "mse": 7.455583935548829,
        "rmse": 2.7304915190399015,
        "mae": 1.409612431828974,
        "mape": 2.8649514002601864
      },
      "30min": {
        "step": 6,
        "minutes": 30,
        "mse": 12.711351797447723,
        "rmse": 3.5652982760840253,
        "mae": 1.76704762647809,
        "mape": 3.7476693135854373
      },
      "60min": {
        "step": 12,
        "minutes": 60,
        "mse": 17.57070605984093,
        "rmse": 4.191742604197081,
        "mae": 2.0979322759326133,
        "mape": 4.571406446970748
      }
    }
  },
  "selected_checkpoint": "stgat_best.pt",
  "selected_checkpoint_task": "v",
  "selected_checkpoint_metric_name": "val_raw_speed_rmse",
  "selected_checkpoint_metric": 3.4610834765857716,
  "train_task": "v",
  "split_strategy": "per_month_day_1_20_train_21_24_val_25_plus_test_full_window_containment",
  "split_description": "Per-month days 1-20 train / 21-24 val / 25+ test with full history+target window containment.",
  "training_control": {
    "configured_epochs": 60,
    "completed_epochs": 60,
    "completed_validations": 60,
    "completed_full_budget": true,
    "training_end_reason": "epoch_budget_exhausted",
    "early_stopping": {
      "enabled": false,