{
  "loss_space": "normalized",
  "normalized_loss": {
    "dc": 0.06055730725971183,
    "demand": 0.02415404377305614,
    "supply": 0.03640326350328645
  },
  "val_normalized_loss": {
    "dc": 0.058719102646747644,
    "demand": 0.023651278040704937,
    "supply": 0.03506782455165891
  },
  "raw_metrics": {
    "demand": {
      "mse": 67.64641044374629,
      "rmse": 8.224743791981991,
      "mae": 2.7059918524826125,
      "mape": 36.21203078057763
    },
    "supply": {
      "mse": 538.2641043947016,
      "rmse": 23.20051948544906,
      "mae": 6.011228189227039,
      "mape": 8.67999005677127
    },
    "gap": {
      "mse": 666.5949305004985,
      "rmse": 25.818499772459642,
      "mae": 7.699345425367683,
      "mape": 1532.1258365943245
    }
  },
  "raw_metrics_per_step": {
    "demand": {
      "step_1": {
        "step": 1,
        "minutes": 15,
        "mse": 52.348861422791614,
        "rmse": 7.2352513033613155,
        "mae": 2.4519814438275387,
        "mape": 34.95033907515516
      },
      "step_2": {
        "step": 2,
        "minutes": 30,
        "mse": 63.013583396086574,
        "rmse": 7.938109560599839,
        "mae": 2.632335556419528,
        "mape": 35.92920837749088
      },
      "step_3": {
        "step": 3,
        "minutes": 45,
        "mse": 72.51209351577023,
        "rmse": 8.515403309049445,
        "mae": 2.78886350329245,
        "mape": 36.553118177502704
      },
      "step_4": {
        "step": 4,
        "minutes": 60,
        "mse": 82.71110344033677,
        "rmse": 9.094564499762305,
        "mae": 2.950786906390929,
        "mape": 37.41422627467441
      }
    },
    "supply": {
      "step_1": {
        "step": 1,
        "minutes": 15,
        "mse": 398.08521413338633,
        "rmse": 19.952072928229445,
        "mae": 4.27101886965481,
        "mape": 5.710060707515496
      },
      "step_2": {
        "step": 2,
        "minutes": 30,
        "mse": 406.80753758605357,
        "rmse": 20.169470433951744,
        "mae": 5.321541924902293,
        "mape": 7.798284762588351
      },
      "step_3": {
        "step": 3,
        "minutes": 45,
        "mse": 548.4735141102907,
        "rmse": 23.41951139777025,
        "mae": 6.5048730089168,
        "mape": 9.826852909237752
      },
      "step_4": {
        "step": 4,
        "minutes": 60,
        "mse": 799.6901517490769,
        "rmse": 28.278793322012113,
        "mae": 7.947478953434244,
        "mape": 11.384308886065197
      }
    },
    "gap": {
      "step_1": {
        "step": 1,
        "minutes": 15,
        "mse": 486.6182554698067,
        "rmse": 22.05942554713986,
        "mae": 5.96394902782463,
        "mape": 852.7892390648857
      },
      "step_2": {
        "step": 2,
        "minutes": 30,
        "mse": 523.6022493643334,
        "rmse": 22.882356726620912,
        "mae": 7.008133540851272,
        "mape": 1289.8157793882688
      },
      "step_3": {
        "step": 3,
        "minutes": 45,
        "mse": 689.8631047097269,
        "rmse": 26.265245186552647,
        "mae": 8.182625971445296,
        "mape": 1835.0408283648483
      },
      "step_4": {
        "step": 4,
        "minutes": 60,
        "mse": 966.2961124581259,
        "rmse": 31.085303801927463,
        "mae": 9.642673161349533,
        "mape": 2150.853237136326
      }
    }
  },
  "raw_metrics_report": {
    "demand": {
      "15min": {
        "step": 1,
        "minutes": 15,
        "mse": 52.348861422791614,
        "rmse": 7.2352513033613155,
        "mae": 2.4519814438275387,
        "mape": 34.95033907515516
      },
      "30min": {
        "step": 2,
        "minutes": 30,
        "mse": 63.013583396086574,
        "rmse": 7.938109560599839,
        "mae": 2.632335556419528,
        "mape": 35.92920837749088
      },
      "60min": {
        "step": 4,
        "minutes": 60,
        "mse": 82.71110344033677,
        "rmse": 9.094564499762305,
        "mae": 2.950786906390929,
        "mape": 37.41422627467441
      }
    },
    "supply": {
      "15min": {
        "step": 1,
        "minutes": 15,
        "mse": 398.08521413338633,
        "rmse": 19.952072928229445,
        "mae": 4.27101886965481,
        "mape": 5.710060707515496
      },
      "30min": {
        "step": 2,
        "minutes": 30,
        "mse": 406.80753758605357,
        "rmse": 20.169470433951744,
        "mae": 5.321541924902293,
        "mape": 7.798284762588351
      },
      "60min": {
        "step": 4,
        "minutes": 60,
        "mse": 799.6901517490769,
        "rmse": 28.278793322012113,
        "mae": 7.947478953434244,
        "mape": 11.384308886065197
      }
    },
    "gap": {
      "15min": {
        "step": 1,
        "minutes": 15,
        "mse": 486.6182554698067,
        "rmse": 22.05942554713986,
        "mae": 5.96394902782463,
        "mape": 852.7892390648857
      },
      "30min": {
        "step": 2,
        "minutes": 30,
        "mse": 523.6022493643334,
        "rmse": 22.882356726620912,
        "mae": 7.008133540851272,
        "mape": 1289.8157793882688
      },
      "60min": {
        "step": 4,
        "minutes": 60,
        "mse": 966.2961124581259,
        "rmse": 31.085303801927463,
        "mae": 9.642673161349533,
        "mape": 2150.853237136326
      }
    }
  },
  "report_horizons": {
    "slot_minutes": 15,
    "pred_horizon": 4,
    "requested_minutes": [
      15,
      30,
      60
    ],
    "resolved_minutes": [
      15,
      30,
      60
    ],
    "resolved_steps": [
      1,
      2,
      4
    ],
    "missing_minutes": []
  },
  "val_raw_metrics": {
    "demand": {
      "mse": 67.46180959882726,
      "rmse": 8.213513839936429,
      "mae": 2.7216387288612474,
      "mape": 35.63480164331142
    },
    "supply": {
      "mse": 552.8578524681259,
      "rmse": 23.512929474400377,
      "mae": 6.116421646834947,
      "mape": 8.496566147865373
    },
    "gap": {
      "mse": 676.3413334786782,
      "rmse": 26.006563276962954,
      "mae": 7.803564108727681,
      "mape": 1143.7268311098028
    }
  },
  "val_raw_metrics_per_step": {
    "demand": {
      "step_1": {
        "step": 1,
        "minutes": 15,
        "mse": 52.53734064150161,
        "rmse": 7.248264664145592,
        "mae": 2.4716769528887412,
        "mape": 34.51563168686012
      },
      "step_2": {
        "step": 2,
        "minutes": 30,
        "mse": 62.5735175409739,
        "rmse": 7.910342441448025,
        "mae": 2.64599436096059,
        "mape": 35.39154962309723
      },
      "step_3": {
        "step": 3,
        "minutes": 45,
        "mse": 71.96962650082416,
        "rmse": 8.483491409839711,
        "mae": 2.799519149821542,
        "mape": 35.923505255995664
      },
      "step_4": {
        "step": 4,
        "minutes": 60,
        "mse": 82.76675371200952,
        "rmse": 9.097623520019363,
        "mae": 2.969364451774114,
        "mape": 36.707389817362476
      }
    },
    "supply": {
      "step_1": {
        "step": 1,
        "minutes": 15,
        "mse": 436.0966957388798,
        "rmse": 20.882928332465248,
        "mae": 4.439253338691694,
        "mape": 5.634806141621757
      },
      "step_2": {
        "step": 2,
        "minutes": 30,
        "mse": 414.87669867266277,
        "rmse": 20.368522250587123,
        "mae": 5.413439314719687,
        "mape": 7.672921423477481
      },
      "step_3": {
        "step": 3,
        "minutes": 45,
        "mse": 551.7436882348469,
        "rmse": 23.489224938998028,
        "mae": 6.600672089267809,
        "mape": 9.618570944485077
      },
      "step_4": {
        "step": 4,
        "minutes": 60,
        "mse": 808.7143272261137,
        "rmse": 28.43790300331784,
        "mae": 8.01232184466059,
        "mape": 11.059250064684056
      }
    },
    "gap": {
      "step_1": {
        "step": 1,
        "minutes": 15,
        "mse": 522.2533857385795,
        "rmse": 22.852863841072075,
        "mae": 6.133877062274986,