{
  "loss_space": "normalized",
  "normalized_loss": {
    "dc": 0.08230201192200184,
    "demand": 0.05150959438511304,
    "supply": 0.03079241689826761
  },
  "val_normalized_loss": {
    "dc": 0.08621403299595999,
    "demand": 0.053973326459527016,
    "supply": 0.03224070601003325
  },
  "raw_metrics": {
    "demand": {
      "mse": 29.130323057204013,
      "rmse": 5.397251435425629,
      "mae": 1.7610807528466785
    },
    "supply": {
      "mse": 70.2801544375937,
      "rmse": 8.383325977056701,
      "mae": 3.210450415049895
    }
  },
  "raw_metrics_per_step": {
    "demand": {
      "step_1": {
        "step": 1,
        "minutes": 15,
        "mse": 24.144850595313,
        "rmse": 4.913740997988498,
        "mae": 1.6318954440392095
      },
      "step_2": {
        "step": 2,
        "minutes": 30,
        "mse": 27.787069682598666,
        "rmse": 5.271344200732738,
        "mae": 1.735828468587361
      },
      "step_3": {
        "step": 3,
        "minutes": 45,
        "mse": 30.728499231785435,
        "rmse": 5.543329255220677,
        "mae": 1.8036828820105961
      },
      "step_4": {
        "step": 4,
        "minutes": 60,
        "mse": 33.860872719118966,
        "rmse": 5.819009599503937,
        "mae": 1.8729162167495472
      }
    },
    "supply": {
      "step_1": {
        "step": 1,
        "minutes": 15,
        "mse": 45.42418127147639,
        "rmse": 6.739746380352631,
        "mae": 2.6770540688727515
      },
      "step_2": {
        "step": 2,
        "minutes": 30,
        "mse": 61.62048696907773,
        "rmse": 7.8498717804227685,
        "mae": 3.0814163557195204
      },
      "step_3": {
        "step": 3,
        "minutes": 45,
        "mse": 77.72552896516204,
        "rmse": 8.816208309991435,
        "mae": 3.3909924001469567
      },
      "step_4": {
        "step": 4,
        "minutes": 60,
        "mse": 96.35042054465863,
        "rmse": 9.815825005808662,
        "mae": 3.6923388354603417
      }
    }
  },
  "raw_metrics_report": {
    "demand": {
      "15min": {
        "step": 1,
        "minutes": 15,
        "mse": 24.144850595313,
        "rmse": 4.913740997988498,
        "mae": 1.6318954440392095
      },
      "30min": {
        "step": 2,
        "minutes": 30,
        "mse": 27.787069682598666,
        "rmse": 5.271344200732738,
        "mae": 1.735828468587361
      },
      "60min": {
        "step": 4,
        "minutes": 60,
        "mse": 33.860872719118966,
        "rmse": 5.819009599503937,
        "mae": 1.8729162167495472
      }
    },
    "supply": {
      "15min": {
        "step": 1,
        "minutes": 15,
        "mse": 45.42418127147639,
        "rmse": 6.739746380352631,
        "mae": 2.6770540688727515
      },
      "30min": {
        "step": 2,
        "minutes": 30,
        "mse": 61.62048696907773,
        "rmse": 7.8498717804227685,
        "mae": 3.0814163557195204
      },
      "60min": {
        "step": 4,
        "minutes": 60,
        "mse": 96.35042054465863,
        "rmse": 9.815825005808662,
        "mae": 3.6923388354603417
      }
    }
  },
  "report_horizons": {
    "slot_minutes": 15,
    "pred_horizon": 4,
    "requested_minutes": [
      15,
      30,
      60
    ],
    "resolved_minutes": [
      15,
      30,
      60
    ],
    "resolved_steps": [
      1,
      2,
      4
    ],
    "missing_minutes": []
  },
  "val_raw_metrics": {
    "demand": {
      "mse": 35.797268677102466,
      "rmse": 5.983081871168275,
      "mae": 1.9136589414833132
    },
    "supply": {
      "mse": 82.78961580364796,
      "rmse": 9.098879920278538,
      "mae": 3.4081871024725454
    }
  },
  "val_raw_metrics_per_step": {
    "demand": {
      "step_1": {
        "step": 1,
        "minutes": 15,
        "mse": 30.259567147697535,
        "rmse": 5.500869671942568,
        "mae": 1.7809502798868078
      },
      "step_2": {
        "step": 2,
        "minutes": 30,
        "mse": 34.37818398857074,
        "rmse": 5.863291224949579,
        "mae": 1.8884489639678954
      },
      "step_3": {
        "step": 3,
        "minutes": 45,
        "mse": 37.5250728145624,
        "rmse": 6.125771201617181,
        "mae": 1.953498192421828
      },
      "step_4": {
        "step": 4,
        "minutes": 60,
        "mse": 41.02625075757923,
        "rmse": 6.405173749210807,
        "mae": 2.0317383296567217
      }
    },
    "supply": {
      "step_1": {
        "step": 1,
        "minutes": 15,
        "mse": 54.183939057757165,
        "rmse": 7.360974056315996,
        "mae": 2.8459272001899314
      },
      "step_2": {
        "step": 2,
        "minutes": 30,
        "mse": 73.12918055058763,
        "rmse": 8.551560123777861,
        "mae": 3.280961159235477
      },
      "step_3": {
        "step": 3,
        "minutes": 45,
        "mse": 90.70227758614188,
        "rmse": 9.523774335112202,
        "mae": 3.590452849484107
      },
      "step_4": {
        "step": 4,
        "minutes": 60,
        "mse": 113.1430660201051,
        "rmse": 10.636872943685333,
        "mae": 3.9154072009806686
      }
    }
  },
  "val_raw_metrics_report": {
    "demand": {
      "15min": {
        "step": 1,
        "minutes": 15,
        "mse": 30.259567147697535,
        "rmse": 5.500869671942568,
        "mae": 1.7809502798868078
      },
      "30min": {
        "step": 2,
        "minutes": 30,
        "mse": 34.37818398857074,
        "rmse": 5.863291224949579,
        "mae": 1.8884489639678954
      },
      "60min": {
        "step": 4,
        "minutes": 60,
        "mse": 41.02625075757923,
        "rmse": 6.405173749210807,
        "mae": 2.0317383296567217
      }
    },
    "supply": {
      "15min": {
        "step": 1,
        "minutes": 15,
        "mse": 54.183939057757165,
        "rmse": 7.360974056315996,
        "mae": 2.8459272001899314
      },
      "30min": {
        "step": 2,
        "minutes": 30,
        "mse": 73.12918055058763,
        "rmse": 8.551560123777861,
        "mae": 3.280961159235477
      },
      "60min": {
        "step": 4,
        "minutes": 60,
        "mse": 113.1430660201051,
        "rmse": 10.636872943685333,
        "mae": 3.9154072009806686
      }
    }
  },
  "selected_checkpoint": "stgat_best.pt",
  "selected_checkpoint_task": "raw_dc",
  "selected_checkpoint_metric": 15.081961791446812,
  "train_task": "dc"
}