{
  "loss_space": "normalized",
  "normalized_loss": {
    "dc": 0.11920824641150402,
    "demand": 0.04893120918805995,
    "supply": 0.046851357984665165
  },
  "val_normalized_loss": {
    "dc": 0.1166350521244053,
    "demand": 0.04757937980392181,
    "supply": 0.04603711426843011
  },
  "raw_metrics": {
    "demand": {
      "mse": 153.98764367573028,
      "rmse": 12.409175785511716,
      "mae": 1.9120701274246992
    },
    "supply": {
      "mse": 537.4162814879476,
      "rmse": 23.182240648564314,
      "mae": 4.290064790071148
    }
  },
  "raw_metrics_per_step": {
    "demand": {
      "step_1": {
        "step": 1,
        "minutes": 15,
        "mse": 90.1114015325117,
        "rmse": 9.492702541031806,
        "mae": 1.6156405796924571
      },
      "step_2": {
        "step": 2,
        "minutes": 30,
        "mse": 136.33314384327107,
        "rmse": 11.676178477707126,
        "mae": 1.8449884982157763
      },
      "step_3": {
        "step": 3,
        "minutes": 45,
        "mse": 173.8179222054939,
        "rmse": 13.184002510827048,
        "mae": 2.0017460280265644
      },
      "step_4": {
        "step": 4,
        "minutes": 60,
        "mse": 215.68810712164444,
        "rmse": 14.686323812365178,
        "mae": 2.185905403764001
      }
    },
    "supply": {
      "step_1": {
        "step": 1,
        "minutes": 15,
        "mse": 253.61165127359084,
        "rmse": 15.925189206838041,
        "mae": 3.2980696950338544
      },
      "step_2": {
        "step": 2,
        "minutes": 30,
        "mse": 439.9643065654204,
        "rmse": 20.975326137283787,
        "mae": 3.980840449892978
      },
      "step_3": {
        "step": 3,
        "minutes": 45,
        "mse": 631.9560988027695,
        "rmse": 25.138737016858453,
        "mae": 4.622376279450264
      },
      "step_4": {
        "step": 4,
        "minutes": 60,
        "mse": 824.1330693100103,
        "rmse": 28.707717939780764,
        "mae": 5.258972735907496
      }
    }
  },
  "raw_metrics_report": {
    "demand": {
      "15min": {
        "step": 1,
        "minutes": 15,
        "mse": 90.1114015325117,
        "rmse": 9.492702541031806,
        "mae": 1.6156405796924571
      },
      "30min": {
        "step": 2,
        "minutes": 30,
        "mse": 136.33314384327107,
        "rmse": 11.676178477707126,
        "mae": 1.8449884982157763
      },
      "60min": {
        "step": 4,
        "minutes": 60,
        "mse": 215.68810712164444,
        "rmse": 14.686323812365178,
        "mae": 2.185905403764001
      }
    },
    "supply": {
      "15min": {
        "step": 1,
        "minutes": 15,
        "mse": 253.61165127359084,
        "rmse": 15.925189206838041,
        "mae": 3.2980696950338544
      },
      "30min": {
        "step": 2,
        "minutes": 30,
        "mse": 439.9643065654204,
        "rmse": 20.975326137283787,
        "mae": 3.980840449892978
      },
      "60min": {
        "step": 4,
        "minutes": 60,
        "mse": 824.1330693100103,
        "rmse": 28.707717939780764,
        "mae": 5.258972735907496
      }
    }
  },
  "report_horizons": {
    "slot_minutes": 15,
    "pred_horizon": 4,
    "requested_minutes": [
      15,
      30,
      60
    ],
    "resolved_minutes": [
      15,
      30,
      60
    ],
    "resolved_steps": [
      1,
      2,
      4
    ],
    "missing_minutes": []
  },
  "val_raw_metrics": {
    "demand": {
      "mse": 116.51111627067579,
      "rmse": 10.79403151147317,
      "mae": 1.6287540412150232
    },
    "supply": {
      "mse": 494.81568034581807,
      "rmse": 22.244452799424355,
      "mae": 3.731536481549065
    }
  },
  "val_raw_metrics_per_step": {
    "demand": {
      "step_1": {
        "step": 1,
        "minutes": 15,
        "mse": 79.23914375199924,
        "rmse": 8.901637138863796,
        "mae": 1.3869785525564833
      },
      "step_2": {
        "step": 2,
        "minutes": 30,
        "mse": 106.97584416775587,
        "rmse": 10.342912750659549,
        "mae": 1.589312648069855
      },
      "step_3": {
        "step": 3,
        "minutes": 45,
        "mse": 127.93271174807398,
        "rmse": 11.310734359362966,
        "mae": 1.7073022840218943
      },
      "step_4": {
        "step": 4,
        "minutes": 60,
        "mse": 151.89676541487407,
        "rmse": 12.324640579541217,
        "mae": 1.8314226802118603
      }
    },
    "supply": {
      "step_1": {
        "step": 1,
        "minutes": 15,
        "mse": 247.26559726757975,
        "rmse": 15.724681149949584,
        "mae": 2.8112652180835846
      },
      "step_2": {
        "step": 2,
        "minutes": 30,
        "mse": 406.862794592504,
        "rmse": 20.170840205417917,
        "mae": 3.456503165773692
      },
      "step_3": {
        "step": 3,
        "minutes": 45,
        "mse": 572.9949734086146,
        "rmse": 23.937313412507564,
        "mae": 4.053621528724166
      },
      "step_4": {
        "step": 4,
        "minutes": 60,
        "mse": 752.1393561145737,
        "rmse": 27.42515918120757,
        "mae": 4.604756013614817
      }
    }
  },
  "val_raw_metrics_report": {
    "demand": {
      "15min": {
        "step": 1,
        "minutes": 15,
        "mse": 79.23914375199924,
        "rmse": 8.901637138863796,
        "mae": 1.3869785525564833
      },
      "30min": {
        "step": 2,
        "minutes": 30,
        "mse": 106.97584416775587,
        "rmse": 10.342912750659549,
        "mae": 1.589312648069855
      },
      "60min": {
        "step": 4,
        "minutes": 60,
        "mse": 151.89676541487407,
        "rmse": 12.324640579541217,
        "mae": 1.8314226802118603
      }
    },
    "supply": {
      "15min": {
        "step": 1,
        "minutes": 15,
        "mse": 247.26559726757975,
        "rmse": 15.724681149949584,
        "mae": 2.8112652180835846
      },
      "30min": {
        "step": 2,
        "minutes": 30,
        "mse": 406.862794592504,
        "rmse": 20.170840205417917,
        "mae": 3.456503165773692
      },
      "60min": {
        "step": 4,
        "minutes": 60,
        "mse": 752.1393561145737,
        "rmse": 27.42515918120757,
        "mae": 4.604756013614817
      }
    }
  },
  "selected_checkpoint": "stgat_best.pt",
  "selected_checkpoint_task": "raw_dc",
  "selected_checkpoint_metric": 33.03848431089752,
  "train_task": "dc"
}